model,noise_level,model_seed,run_directory,epoch,train_loss,standard_validation_loss,standard_observed_validation_auc,standard_latent_validation_auc,standard_validation_f1,learning_rate,best_epoch_so_far,patience_counter,training_seconds
bert_lora,0.0,9950,/cluster/work/projects/ec12/michechi/checkpoints/oc_hole_audit/bert_lora/pi_0p0/seed_9950,1,0.5584811663532258,0.4743597212409973,0.8018885227690984,0.8018885227690984,0.51014939915557,1.6666666666666667e-05,1,0,499.5694406032562
bert_lora,0.0,9950,/cluster/work/projects/ec12/michechi/checkpoints/oc_hole_audit/bert_lora/pi_0p0/seed_9950,2,0.4651344653177261,0.4381756920433044,0.8427819485501892,0.8427819485501892,0.6300723497955332,1.914893617021277e-05,2,0,1096.693463563919
bert_lora,0.0,9950,/cluster/work/projects/ec12/michechi/checkpoints/oc_hole_audit/bert_lora/pi_0p0/seed_9950,3,0.4149917974390089,0.3825480102729797,0.8966985389432978,0.8966985389432978,0.7123146799211586,1.8085106382978724e-05,3,0,1697.3517186641693
bert_lora,0.0,9950,/cluster/work/projects/ec12/michechi/checkpoints/oc_hole_audit/bert_lora/pi_0p0/seed_9950,4,0.3482301235518977,0.2455689579391479,0.95796271283699,0.95796271283699,0.825588716786299,1.7021276595744682e-05,4,0,2199.8821432590485
bert_lora,0.0,9950,/cluster/work/projects/ec12/michechi/checkpoints/oc_hole_audit/bert_lora/pi_0p0/seed_9950,5,0.2587432006338239,0.1480688716506958,0.9891312599501284,0.9891312599501284,0.8947153321387029,1.595744680851064e-05,5,0,2703.173177957535
bert_lora,0.0,9950,/cluster/work/projects/ec12/michechi/checkpoints/oc_hole_audit/bert_lora/pi_0p0/seed_9950,6,0.1774958315079705,0.0633339835840463,0.99756664428039,0.99756664428039,0.95718901453958,1.4893617021276596e-05,6,0,3205.0298025608063
bert_lora,0.0,9950,/cluster/work/projects/ec12/michechi/checkpoints/oc_hole_audit/bert_lora/pi_0p0/seed_9950,7,0.1241978723306476,0.029353896311745,0.9994907013629254,0.9994907013629254,0.9804576924388664,1.3829787234042556e-05,7,0,3710.570289850235
bert_lora,0.0,9950,/cluster/work/projects/ec12/michechi/checkpoints/oc_hole_audit/bert_lora/pi_0p0/seed_9950,8,0.0844075672738751,0.0147790587434545,0.9998663320363944,0.9998663320363944,0.9909311796310872,1.2765957446808513e-05,8,0,4213.366458177567
bert_lora,0.0,9950,/cluster/work/projects/ec12/michechi/checkpoints/oc_hole_audit/bert_lora/pi_0p0/seed_9950,9,0.0539390844939298,0.0054371605942677,0.9999805652364128,0.9999805652364128,0.9967411066515728,1.170212765957447e-05,9,0,4718.970862627029
bert_lora,0.0,9950,/cluster/work/projects/ec12/michechi/checkpoints/oc_hole_audit/bert_lora/pi_0p0/seed_9950,10,0.0332108371624864,0.0032017858687788,0.999993272656294,0.999993272656294,0.997599451303155,1.0638297872340426e-05,10,0,5223.171699285507
bert_lora,0.0,9950,/cluster/work/projects/ec12/michechi/checkpoints/oc_hole_audit/bert_lora/pi_0p0/seed_9950,11,0.0226944618515102,0.0014505475191504,0.9999986806662632,0.9999986806662632,0.9990401755107636,9.574468085106385e-06,11,0,5725.996628761292
bert_lora,0.0,9950,/cluster/work/projects/ec12/michechi/checkpoints/oc_hole_audit/bert_lora/pi_0p0/seed_9950,12,0.0168906560585194,0.0007983632830844,0.9999996321740132,0.9999996321740132,0.9994858611825193,8.510638297872341e-06,12,0,6231.137010812759
bert_lora,0.0,9950,/cluster/work/projects/ec12/michechi/checkpoints/oc_hole_audit/bert_lora/pi_0p0/seed_9950,13,0.0124416611343092,0.0004523199117247,0.9999999225629502,0.9999999225629502,0.9997257832316446,7.446808510638298e-06,13,0,6733.47932267189
bert_lora,0.0,9950,/cluster/work/projects/ec12/michechi/checkpoints/oc_hole_audit/bert_lora/pi_0p0/seed_9950,14,0.0101849170721719,0.0002459209430267,0.99999998451259,0.99999998451259,0.9998971581365056,6.382978723404256e-06,14,0,7237.892883062363
bert_lora,0.0,9950,/cluster/work/projects/ec12/michechi/checkpoints/oc_hole_audit/bert_lora/pi_0p0/seed_9950,15,0.0086625140098827,0.0001008159307109,1.0,1.0,0.999965721728996,5.319148936170213e-06,15,0,7740.517373561859
bert_lora,0.0,9950,/cluster/work/projects/ec12/michechi/checkpoints/oc_hole_audit/bert_lora/pi_0p0/seed_9950,16,0.0072841010904398,0.0001153374773649,1.0,1.0,1.0,4.255319148936171e-06,15,1,8241.022991657257
bert_lora,0.0,9950,/cluster/work/projects/ec12/michechi/checkpoints/oc_hole_audit/bert_lora/pi_0p0/seed_9950,17,0.0066277302670134,7.938814937442657e-05,1.0,1.0,1.0,3.191489361702128e-06,17,0,8844.949691772461
bert_lora,0.0,9950,/cluster/work/projects/ec12/michechi/checkpoints/oc_hole_audit/bert_lora/pi_0p0/seed_9950,18,0.0057976760989371,6.685814137657871e-05,1.0,1.0,1.0,2.1276595744680853e-06,18,0,9446.63921236992
bert_lora,0.0,9950,/cluster/work/projects/ec12/michechi/checkpoints/oc_hole_audit/bert_lora/pi_0p0/seed_9950,19,0.0052539883754365,5.2634438903915e-05,1.0000000000000002,1.0000000000000002,1.0,1.0638297872340429e-06,19,0,10047.697635173798
bert_lora,0.0,9950,/cluster/work/projects/ec12/michechi/checkpoints/oc_hole_audit/bert_lora/pi_0p0/seed_9950,20,0.0050010494209541,5.072273922676686e-05,1.0,1.0,1.0,0.0,20,0,10648.641599655151
bert_lora,0.3,9950,/cluster/work/projects/ec12/michechi/checkpoints/oc_hole_audit/bert_lora/pi_0p3/seed_9950,1,0.6815301357626915,0.6694459300231934,0.5848581717817952,0.7592816948160797,0.2846751412429378,1.6666666666666667e-05,1,0,537.0138764381409
bert_lora,0.3,9950,/cluster/work/projects/ec12/michechi/checkpoints/oc_hole_audit/bert_lora/pi_0p3/seed_9950,2,0.6681221464049816,0.6717383199882507,0.5950880000479788,0.7979241281620035,0.4884794890690248,1.914893617021277e-05,1,1,1192.4295845031738
bert_lora,0.3,9950,/cluster/work/projects/ec12/michechi/checkpoints/oc_hole_audit/bert_lora/pi_0p3/seed_9950,3,0.6648554945528508,0.664450483417511,0.5999965285753264,0.8148770255896385,0.3968951820745278,1.8085106382978724e-05,3,0,1848.2718346118927
bert_lora,0.3,9950,/cluster/work/projects/ec12/michechi/checkpoints/oc_hole_audit/bert_lora/pi_0p3/seed_9950,4,0.662735356940031,0.6637582277297973,0.605504069491237,0.8289792019261754,0.4383903740280379,1.7021276595744682e-05,4,0,2504.505977869034
bert_lora,0.3,9950,/cluster/work/projects/ec12/michechi/checkpoints/oc_hole_audit/bert_lora/pi_0p3/seed_9950,5,0.6613718203735351,0.6628203591346741,0.6089743336785474,0.8399407435045552,0.4673168372692834,1.595744680851064e-05,5,0,3157.110503911972
bert_lora,0.3,9950,/cluster/work/projects/ec12/michechi/checkpoints/oc_hole_audit/bert_lora/pi_0p3/seed_9950,6,0.6597848140251636,0.6609208821868896,0.6143277832445461,0.8541796184972363,0.4642896204746801,1.4893617021276596e-05,6,0,3810.732610940933
bert_lora,0.3,9950,/cluster/work/projects/ec12/michechi/checkpoints/oc_hole_audit/bert_lora/pi_0p3/seed_9950,7,0.6583602760827542,0.6604306746482849,0.617044736434327,0.8631227711148747,0.495766408374814,1.3829787234042556e-05,7,0,4363.745129585266
bert_lora,0.3,9950,/cluster/work/projects/ec12/michechi/checkpoints/oc_hole_audit/bert_lora/pi_0p3/seed_9950,8,0.6571470421922206,0.6674940237045288,0.6178856711319353,0.8651314359180806,0.5448406931246507,1.2765957446808513e-05,7,1,4897.978374004364
bert_lora,0.3,9950,/cluster/work/projects/ec12/michechi/checkpoints/oc_hole_audit/bert_lora/pi_0p3/seed_9950,9,0.6557245214498043,0.6566665176582337,0.6238910408949273,0.8801708435165956,0.4927505612042783,1.170212765957447e-05,9,0,5431.193407297134
bert_lora,0.3,9950,/cluster/work/projects/ec12/michechi/checkpoints/oc_hole_audit/bert_lora/pi_0p3/seed_9950,10,0.6546270684683323,0.6573259205436707,0.6261102302116955,0.886335752249947,0.5128944904208741,1.0638297872340426e-05,9,1,5967.873506307602
bert_lora,0.3,9950,/cluster/work/projects/ec12/michechi/checkpoints/oc_hole_audit/bert_lora/pi_0p3/seed_9950,11,0.6535971073484421,0.6569228303909301,0.6300205769256794,0.8956144260531191,0.5347193549170572,9.574468085106385e-06,9,2,6502.31830906868
bert_lora,0.3,9950,/cluster/work/projects/ec12/michechi/checkpoints/oc_hole_audit/bert_lora/pi_0p3/seed_9950,12,0.6525558232927322,0.6518048323249817,0.6327529922988999,0.9017997665520744,0.4917845172892994,8.510638297872341e-06,12,0,7035.163810253143
bert_lora,0.3,9950,/cluster/work/projects/ec12/michechi/checkpoints/oc_hole_audit/bert_lora/pi_0p3/seed_9950,13,0.6513385313737392,0.6538691486740112,0.6344770479587534,0.9083294589641364,0.533320169809458,7.446808510638298e-06,12,1,7569.624506235123
bert_lora,0.3,9950,/cluster/work/projects/ec12/michechi/checkpoints/oc_hole_audit/bert_lora/pi_0p3/seed_9950,14,0.6507556508815289,0.6514007189559936,0.6369605558993141,0.9143414779221822,0.5252576793550362,6.382978723404256e-06,14,0,8101.285903692245
bert_lora,0.3,9950,/cluster/work/projects/ec12/michechi/checkpoints/oc_hole_audit/bert_lora/pi_0p3/seed_9950,15,0.6496129596304894,0.6509960445594788,0.6396484837744264,0.9202335894803813,0.5407225812842037,5.319148936170213e-06,15,0,8635.434690237045
bert_lora,0.3,9950,/cluster/work/projects/ec12/michechi/checkpoints/oc_hole_audit/bert_lora/pi_0p3/seed_9950,16,0.6483880163288116,0.649038666343689,0.6411213998544999,0.9236985306033272,0.5335191990875681,4.255319148936171e-06,16,0,9167.480358362198
bert_lora,0.3,9950,/cluster/work/projects/ec12/michechi/checkpoints/oc_hole_audit/bert_lora/pi_0p3/seed_9950,17,0.6478463347744942,0.6477979781913757,0.6428427282483806,0.9290494249404652,0.5375658161198866,3.191489361702128e-06,17,0,9698.930770397186
bert_lora,0.3,9950,/cluster/work/projects/ec12/michechi/checkpoints/oc_hole_audit/bert_lora/pi_0p3/seed_9950,18,0.6471793076467514,0.6480022993850708,0.6432316317703254,0.9290602796789282,0.5391989560329251,2.1276595744680853e-06,17,1,10232.96797657013
bert_lora,0.3,9950,/cluster/work/projects/ec12/michechi/checkpoints/oc_hole_audit/bert_lora/pi_0p3/seed_9950,19,0.6469872672116757,0.6484023939323426,0.6438831292246439,0.9311818167260016,0.5466097488335153,1.0638297872340429e-06,17,2,10764.940236330032
bert_lora,0.3,9950,/cluster/work/projects/ec12/michechi/checkpoints/oc_hole_audit/bert_lora/pi_0p3/seed_9950,20,0.6464402147054672,0.6473802851104736,0.6444769025648817,0.9328159446540678,0.5431757673180289,0.0,20,0,11298.883942604063
llama_lora,0.0,9950,/cluster/work/projects/ec12/michechi/checkpoints/oc_hole_audit/llama_lora/pi_0p0/seed_9950,1,0.2982947065504122,0.0067779913740092,0.9999945958618832,0.9999945958618832,0.995178399228544,1.6666666666666667e-05,1,0,2426.2299728393555
llama_lora,0.0,9950,/cluster/work/projects/ec12/michechi/checkpoints/oc_hole_audit/llama_lora/pi_0p0/seed_9950,2,0.0026143369250823,0.0001208403394164,0.9999999980640738,0.9999999980640738,0.999897172236504,1.914893617021277e-05,2,0,4909.730749845505
llama_lora,0.0,9950,/cluster/work/projects/ec12/michechi/checkpoints/oc_hole_audit/llama_lora/pi_0p0/seed_9950,3,0.00077481702763,5.747854880610248e-05,1.0,1.0,1.0,1.8085106382978724e-05,3,0,7399.620631217956
llama_lora,0.0,9950,/cluster/work/projects/ec12/michechi/checkpoints/oc_hole_audit/llama_lora/pi_0p0/seed_9950,4,0.0003971663512746,5.392946663996554e-06,1.0,1.0,1.0,1.7021276595744682e-05,4,0,9887.095814943314
llama_lora,0.0,9950,/cluster/work/projects/ec12/michechi/checkpoints/oc_hole_audit/llama_lora/pi_0p0/seed_9950,5,0.0001089825091068,1.890623463893917e-06,1.0,1.0,1.0,1.595744680851064e-05,5,0,12029.360989809036
llama_lora,0.0,9950,/cluster/work/projects/ec12/michechi/checkpoints/oc_hole_audit/llama_lora/pi_0p0/seed_9950,6,3.8526260489253286e-05,0.0001217167329741,0.9999999980640736,0.9999999980640736,0.9999314411079115,1.4893617021276596e-05,5,1,14255.443767547607
llama_lora,0.0,9950,/cluster/work/projects/ec12/michechi/checkpoints/oc_hole_audit/llama_lora/pi_0p0/seed_9950,7,5.991109121691085e-05,6.936001026008398e-07,1.0,1.0,1.0,1.3829787234042556e-05,7,0,16402.726232290268
llama_lora,0.0,9950,/cluster/work/projects/ec12/michechi/checkpoints/oc_hole_audit/llama_lora/pi_0p0/seed_9950,8,0.0001214097308154,4.3595653649319386e-07,1.0,1.0,1.0,1.2765957446808513e-05,8,0,18526.28879904747
llama_lora,0.0,9950,/cluster/work/projects/ec12/michechi/checkpoints/oc_hole_audit/llama_lora/pi_0p0/seed_9950,9,4.7886358681026314e-09,4.2915341396110304e-11,1.0,1.0,1.0,1.170212765957447e-05,9,0,20717.14177036285
llama_lora,0.0,9950,/cluster/work/projects/ec12/michechi/checkpoints/oc_hole_audit/llama_lora/pi_0p0/seed_9950,10,7.871984951108857e-09,9.536742595628312e-12,1.0,1.0,1.0,1.0638297872340426e-05,10,0,23099.722014904022
llama_lora,0.0,9950,/cluster/work/projects/ec12/michechi/checkpoints/oc_hole_audit/llama_lora/pi_0p0/seed_9950,11,8.079111082341939e-09,1.192092824453539e-11,1.0,1.0,1.0,9.574468085106385e-06,10,1,25492.999147176743
llama_lora,0.0,9950,/cluster/work/projects/ec12/michechi/checkpoints/oc_hole_audit/llama_lora/pi_0p0/seed_9950,12,8.138715724488321e-09,4.768371297814156e-12,1.0,1.0,1.0,8.510638297872341e-06,12,0,27877.13982486725
llama_lora,0.0,9950,/cluster/work/projects/ec12/michechi/checkpoints/oc_hole_audit/llama_lora/pi_0p0/seed_9950,13,8.196830249609377e-09,2.384185648907078e-12,1.0,1.0,1.0,7.446808510638298e-06,13,0,34288.998885154724
llama_lora,0.0,9950,/cluster/work/projects/ec12/michechi/checkpoints/oc_hole_audit/llama_lora/pi_0p0/seed_9950,14,8.235573266333062e-09,4.768371297814156e-12,1.0,1.0,1.0,6.382978723404256e-06,13,1,40740.43261122704
llama_lora,0.0,9950,/cluster/work/projects/ec12/michechi/checkpoints/oc_hole_audit/llama_lora/pi_0p0/seed_9950,15,8.225142453248681e-09,4.768371297814156e-12,1.0,1.0,1.0,5.319148936170213e-06,13,2,47184.244988679886
llama_lora,0.0,9950,/cluster/work/projects/ec12/michechi/checkpoints/oc_hole_audit/llama_lora/pi_0p0/seed_9950,16,8.247792217659367e-09,4.768371297814156e-12,1.0,1.0,1.0,4.255319148936171e-06,13,3,53620.65067982674
llama_lora,0.3,9950,/cluster/work/projects/ec12/michechi/checkpoints/oc_hole_audit/llama_lora/pi_0p3/seed_9950,1,0.6760831831264495,0.6670128993797302,0.5980956225474685,0.8091139919139149,0.2382572138352761,1.6666666666666667e-05,1,0,6518.8357763290405
llama_lora,0.3,9950,/cluster/work/projects/ec12/michechi/checkpoints/oc_hole_audit/llama_lora/pi_0p3/seed_9950,2,0.6329951596301794,0.6199277167701721,0.6678364142904466,0.9990563337191788,0.5727181544633901,1.914893617021277e-05,2,0,13019.89283490181
llama_lora,0.3,9950,/cluster/work/projects/ec12/michechi/checkpoints/oc_hole_audit/llama_lora/pi_0p3/seed_9950,3,0.6164457234722376,0.614284288444519,0.6684086187072427,0.9994898050290734,0.5698997791744522,1.8085106382978724e-05,3,0,19489.914083480835
llama_lora,0.3,9950,/cluster/work/projects/ec12/michechi/checkpoints/oc_hole_audit/llama_lora/pi_0p3/seed_9950,4,0.6154495687818528,0.6144556672286987,0.6690139993769956,0.9998612579737026,0.5713477744471467,1.7021276595744682e-05,3,1,26065.685884714127
llama_lora,0.3,9950,/cluster/work/projects/ec12/michechi/checkpoints/oc_hole_audit/llama_lora/pi_0p3/seed_9950,5,0.6146169020712375,0.6131285136604309,0.6675892340165752,0.9998943816717778,0.5727680967040416,1.595744680851064e-05,5,0,32649.37759923935
llama_lora,0.3,9950,/cluster/work/projects/ec12/michechi/checkpoints/oc_hole_audit/llama_lora/pi_0p3/seed_9950,6,0.6141688054180146,0.6175886085891724,0.6686330383181084,0.9982518944141798,0.5741330159696659,1.4893617021276596e-05,5,1,39236.5170071125
llama_lora,0.3,9950,/cluster/work/projects/ec12/michechi/checkpoints/oc_hole_audit/llama_lora/pi_0p3/seed_9950,7,0.6136252784085273,0.6136277223396301,0.6671470007659819,0.999899954235478,0.5740589543624539,1.3829787234042556e-05,5,2,45829.76613259316
llama_lora,0.3,9950,/cluster/work/projects/ec12/michechi/checkpoints/oc_hole_audit/llama_lora/pi_0p3/seed_9950,8,0.612808425090909,0.616400403137207,0.6680140451697324,0.9999486098698276,0.573716864072194,1.2765957446808513e-05,5,3,52378.028136491776
